{
  "header": {
    "version": "2029000014",
    "network_improve": true,
    "support_wifi_ant_swap": true,
    "index_enable": true,
    "mqs_enable": true
  },
  "game_booster": {
    "booster_enable": true,
    "cpuset_enable": true,
    "tuner_enable": true,
    "qsync_enable": true,
    "action_key_optimized": true,
    "dynamic_performance": "1#1",
    "sgame_replay_policy_enable": true,
    "cgame_enable": true,
    "aisr_enable": true,
    "support_aisr_app": [
      "com.miHoYo.Yuanshen",
      "com.netease.yyslscn",
      "com.netease.l22",
      "com.kurogame.mingchao",
      "com.kurogame.wutheringwaves.global",
      "com.papegames.infinitynikki",
      "com.tencent.tmgp.speedmobile",
      "com.tencent.tmgp.pubgmhd",
      "com.netease.yhtj",
      "com.tencent.tmgp.dfm",
      "com.tencent.tmgp.sgame",
      "com.tencent.tmgp.sgamece",
      "com.tencent.tmgp.lolm",
      "com.sy.dldlhsdj.gw",
      "com.miHoYo.hkrpg",
      "com.protopop.brightridge",
      "com.aligames.kuang.kybc",
      "com.miHoYo.enterprise.NGHSoD",
      "com.netease.aceracer",
      "com.netease.dwrg",
      "com.netease.hyxd",
      "com.netease.moba",
      "com.netease.pes",
      "com.netease.vlfcn",
      "com.pubg.imobile",
      "com.sy.dldlhsdj.gw",
      "com.tencent.fifamobile",
      "com.pubg.newstate",
      "com.tencent.ig",
      "com.tencent.tmaoe",
      "com.tencent.tmgp.WePop"
    ],
    "monitor": {
      "monitor_enable": false,
      "analytics_enable": false,
      "default_interval": 2
    },
    "support_display_refresh_rates": [
      60,
      90,
      120
    ],
    "low_display_refresh_rate_scenes": [
      1,
      2,
      3,
      4,
      5
    ],
    "support_dynamic_refresh_rate_games": [
      "com.tencent.tmgp.sgame",
      "com.tencent.tmgp.sgamece",
      "com.tencent.ig",
      "com.pubg.newstate",
      "com.tencent.tmgp.speedmobile",
      "com.tencent.lolm",
      "com.tencent.tmgp.pubgmhd",
      "com.netease.yhtj",
      "com.tencent.tmgp.dfm"
    ],
    "game_group_mapping_enable": true,
    "game_group_mapping_config": [
      {
        "game_group_name": "SGAME",
        "package_list": [
          "com.tencent.tmgp.sgame",
          "com.tencent.tmgp.sgamece"
        ]
      },
      {
        "game_group_name": "YUANSHEN",
        "package_list": [
          "com.miHoYo.Yuanshen",
          "com.netease.yyslscn",
          "com.kurogame.mingchao",
          "com.kurogame.wutheringwaves.global",
          "com.miHoYo.GenshinImpact",
          "com.miHoYo.ys.mi",
          "com.netease.l22",
          "com.papegames.infinitynikki",
          "com.miHoYo.ys.bilibili"
        ]
      },
      {
        "game_group_name": "PUBG",
        "package_list": [
          "com.tencent.tmgp.pubgmhd",
          "com.netease.yhtj",
          "com.tencent.tmgp.dfm",
          "com.pubg.newstate",
          "com.tencent.ig"
        ]
      },
      {
        "game_group_name": "HARRYPOTTER",
        "package_list": [
          "com.netease.harrypotter",
          "com.netease.harrypotter.mi"
        ]
      }
    ],
    "mqs_enhance_list": [
      "com.miHoYo.hkrpg:60#default",
      "com.miHoYo.Yuanshen:60#default",
      "com.netease.yyslscn:60#default",     
      "com.papegames.infinitynikki:60#default",
      "com.netease.l22:60#default",
      "com.kurogame.mingchao:60#default",
      "com.kurogame.wutheringwaves.global:60#default",
      "com.miHoYo.ys.mi:60#default"
    ],
    "game_identify": true,
    "affinity_enable": true,
    "support_ysre": true,
    "scene_id_reuse": true,
    "GameSight": true,
    "clusterList": [
      0,
      3,
      7
    ],
    "gameIdentify_whitelist": [
      "com.phonetest.stresstest",
      "com.drawelements.deqp",
      "com.antutu.ABenchMark",
      "com.antutu.ABenchMark5",
      "com.antutu.benchmark.bench64",
      "com.antutu.videobench",
      "com.antutu.ABenchMark.GL2",
      "com.antutu.tester",
      "com.antutu.benchmark.full",
      "com.music.videogame",
      "com.ludashi.benchmark",
      "com.ludashi.benchmarkhd",
      "com.qihoo360.ludashi.cooling",
      "cn.opda.android.activity",
      "com.shouji.cesupaofen",
      "com.colola.mobiletest",
      "ws.j7uxli.a6urcd",
      "com.gamebench.metricscollector",
      "com.huahua.test",
      "com.futuremark.dmandroid.application",
      "com.eembc.coremark",
      "com.rightware.BasemarkOSII",
      "com.glbenchmark.glbenchmark27",
      "com.greenecomputing.linpack",
      "eu.chainfire.cfbench",
      "com.primatelabs.geekbench",
      "com.primatelabs.geekbench3",
      "com.quicinc.vellamo",
      "com.aurorasoftworks.quadrant.ui.advanced",
      "com.aurorasoftworks.quadrant.ui.standard",
      "eu.chainfire.perfmon",
      "com.evozi.deviceid",
      "com.finalwire.aida64",
      "com.cpuid.cpu_z",
      "rs.in.luka.android.pi",
      "com.uzywpq.cqlzahm",
      "com.xidige.androidinfo",
      "com.appems.hawkeye",
      "com.tyyj89.androidsuperinfo",
      "com.ft1gp",
      "ws.k6t2we.b4zyjdjv",
      "com.myapp.dongxie_app1",
      "com.shoujijiance.zj",
      "com.qrj.test",
      "com.appems.testonetest",
      "com.andromeda.androbench2",
      "com.primatelabs.geekbench5.corporate",
      "net.kishonti.gfxbench.vulkan.v50000.corporate",
      "com.antutu.ABenchMark.lite",
      "com.antutu.aibenchmark",
      "com.ludashi.benchmark2",
      "com.ludashi.aibench",
      "com.primatelabs.geekbench5c",
      "com.primatelabs.geekbench5",
      "com.primatelabs.geekbench4.corporate",
      "net.kishonti.gfxbench.gl.v40001.corporate",
      "org.benchmark.demo",
      "com.android.gputest",
      "android.test.app",
      "com.ioncannon.cpuburn.gpugflops",
      "ioncannon.com.andspecmod",
      "skynet.cputhrottlingtest"
    ],
    "scene_id_sender_enable": true,
    "predownload_enable": true,
    "support_predownload_app_list": [
      "com.tencent.tmgp.pubgmhd",
      "com.netease.yhtj",
      "com.tencent.tmgp.dfm"
    ],
    "background_freeze_enable": true,
    "background_freeze_whitelist": [
      "com.xiaomi.joyose",
      "com.miui.powerkeeper",
      "com.xiaomi.migameservice",
      "mcd",
      "com.xiaomi.gamecenter.sdk.service"
    ],
    "support_highfps_app": [
      "com.tencent.nbn:120",
      "com.tencent.tmgp.sgame:120",
      "com.tencent.tmgp.sgamece:120",
      "com.activision.callofduty.shooter:120",
      "com.netease.lztg1.mi:120",
      "com.netease.lztg:120",
      "com.tencent.tmgp.cf:120",
      "com.pwrd.xxajh.laohu:120",
      "com.pwrd.xxajh.mi:120",
      "com.miHoYo.bh3.mi:90",
      "com.miHoYo.enterprise.NGHSoD:90",
      "com.tencent.af:120",
      "com.tencent.tmgp.pubgmhd:90",
      "com.netease.yhtj:120",
      "com.tencent.tmgp.dfm:120",
      "com.tencent.tmgp.speedmobile:120",
      "com.tencent.YiRen:120",
      "com.tencent.KiHan:120",
      "com.tencent.tmgp.dnf:120",      
      "com.pubg.newstate:120",
      "com.tencent.ig:90",
      "com.tencent.tmgp.cod:120",
      "com.tencent.tmgp.codty:120",
      "com.denachina.g13002010.mi:120",
      "com.denachina.g13002010.denacn:120",
      "com.tencent.lolm:120",
      "com.supercell.clashofclans.mi:120",
      "com.tencent.tmgp.supercell.clashofclans:120",
      "com.pwrd.hotta.laohu:90",
      "com.hottagames.hotta.mi:90",
      "com.netease.moba.mi:90",
      "com.netease.moba:90",
      "com.youzu.bs.mi:120",
      "com.youzu.bs:120",
      "com.tencent.tmgp.supercell.brawlstars:120",
      "com.tencent.mf.uam:120",
      "com.tencent.mf.uamty:120",
      "com.xd.rotaeno.googleplay:120",
      "com.tencent.game.rhythmmaster:120"
    ],
    "scale_app_enable": true,
    "support_scale_app_list": [
      "com.miHoYo.enterprise.NGHSoD",
      "com.happyelements.AndroidAnimal",
      "cn.jj",
      "com.tencent.tmgp.speedmobile",
      "com.blizzard.wtcg.hearthstone",
      "com.tencent.peng",
      "com.tencent.qqgame.xq",
      "com.qqgame.happymj",
      "com.tencent.tmgp.tstl",
      "com.tencent.wmsj",
      "com.tencent.swy",
      "com.tencent.tmgp.qqx5",
      "com.tencent.tmgp.wec",
      "com.tencent.shootgame",
      "com.tencent.tmgp.vgame",
      "com.tencent.tmgp.mt4",
      "com.tencent.woool3d",
      "com.tencent.xishanju.xj4",
      "com.tencent.tmgp.redfox",
      "com.tencent.wdqy",
      "com.tencent.YiRen",
      "com.tencent.tmgp.ylm",
      "com.tencent.yoozoo.got.wintercoming",
      "com.tencent.hxh",
      "com.tencent.tmgp.sskgame",
      "com.minitech.miniworld",
      "com.bairimeng.dmmdzz",
      "com.netease.tom",
      "com.supercell.clashofclans.kunlun",
      "com.aligames.sgzzlb",
      "com.outfit7.talkingtomgoldrun.bd",
      "com.bf.sgs.hdexp",
      "com.lilithgames.hgame.cn",
      "com.supercell.clashroyale.kunlun",
      "com.ChillyRoom.DungeonShooter",
      "com.wepie.snake",
      "com.ledou.mhhy",
      "com.gbits.atm.leiting",
      "com.shiyi.bkby",
      "com.jiguang.dldl.sy37",
      "com.qidian.dldl.official",
      "com.papegames.nn4.cn",
      "com.wanmei.zhuxian.laohu",
      "com.qhjx.snk.sy371",
      "com.szxchd.yqxx.dodsdk",
      "com.sqw.sssf",
      "com.hermes.bgame",
      "com.netease.lx7",
      "com.taomee.huah",
      "com.soulgame.shokudo.kuaishou"
    ],
    "force_scale_app_list": [
      "com.tencent.jkchess:480#1.5:com.tencent.jkchess.ApolloZGame",
      "com.netease.g67:480#1.25:com.netease.game.MessiahNativeActivity",
      "com.netease.g67.mi:480#1.25:com.netease.game.MessiahNativeActivity"
    ],
    "vrs_soc": "8450",
    "support_vrs_app": [
      "com.miHoYo.Yuanshen",
      "com.netease.yyslscn",
      "com.papegames.infinitynikki",
      "com.netease.l22",
      "com.kurogame.mingchao",
      "com.kurogame.wutheringwaves.global",
      "com.tencent.tmgp.speedmobile",
      "com.tencent.tmgp.pubgmhd",
      "com.netease.yhtj",
      "com.tencent.tmgp.dfm",
      "com.tencent.tmgp.sgame",
      "com.tencent.tmgp.sgamece",
      "com.tencent.tmgp.lolm",
      "com.sy.dldlhsdj.gw",
      "com.miHoYo.hkrpg",
      "com.protopop.brightridge",
      "com.aligames.kuang.kybc",
      "com.miHoYo.enterprise.NGHSoD",
      "com.netease.aceracer",
      "com.netease.dwrg",
      "com.netease.hyxd",
      "com.netease.moba",
      "com.netease.pes",
      "com.netease.vlfcn",
      "com.pubg.imobile",
      "com.sy.dldlhsdj.gw",
      "com.tencent.fifamobile",
      "com.pubg.newstate",
      "com.tencent.ig",
      "com.tencent.tmaoe",
      "com.tencent.tmgp.WePop"
    ],
    "migl_settings": {
      "enable": true,
      "game_params": [
        {
          "game": "yuanshen",
          "game_cmdlines": [
            "com.miHoYo.Yuanshen",
            "com.netease.yyslscn",
            "com.papegames.infinitynikki",
            "com.netease.l22",
            "com.kurogame.mingchao",
            "com.kurogame.wutheringwaves.global",
            "com.miHoYo.GenshinImpact",
            "com.miHoYo.ys.mi",
            "com.miHoYo.ys.bilibili"
          ],
          "params": {
            "tex_size_v3": [
              {
                "post_process_low": "1296x582;1024x460;864x388;776x348",
                "post_process_high": "1620x728;1280x576;1080x486;972x436",
                "max_resolution": "1920x864;1620x728",
                "max_resolution_80p": "1296x582",
                "tex_size_config_density": "420#1440x648;-1x-1;1920x864&560#1440x648;-1x-1;3200x1440",
                "tex_size_config_re": "1:1440x648;2:1920x864;3:2670x1200;4:3200x1440;5:3200x1440"
              }
            ],
            "ys_transfer_recognize": "1",
            "ys_launch_recognize": "1"
          },
          "force_source_crop": "420#ignore;ignore;ignore&560#ignore;ignore;864,1920,1440,3200",
          "force_source_crop_re": "1:ignore;2:ignore;3:864,1920,1200,2670;4:864,1920,1440,3200;5:864,1920,1440,3200"
        },
        {
          "game": "pubg",
          "game_cmdlines": [
            "com.tencent.tmgp.pubgmhd",
            "com.netease.yhtj",
            "com.tencent.tmgp.dfm"
          ],
          "params": {
            "tex_param_anisotropy": "1"
          }
        }
      ]
    },
    "booster_config": {
      "default_config": [],
      "scene_config": [
        {
          "scene_id": 10001,
          "scene_name": "foreground",
          "end": [
            {
              "permission": "root",
              "cmd": "sys/module/perfmgr/parameters/perfmgr_enable#0"
            },
            {
              "permission": "root",
              "cmd": "sys/module/perfmgr/parameters/boost_minfreq#0"
            },
            {
              "permission": "root",
              "cmd": "sys/module/perfmgr/parameters/fixed_target_fps#-1"
            },
            {
              "permission": "root",
              "cmd": "sys/devices/system/cpu/cpu0/cpufreq/walt/rtg_boost_freq#800000"
            },
            {
              "permission": "root",
              "cmd": "sys/devices/system/cpu/cpu0/cpufreq/walt/target_loads#0"
            }
          ],
          "booster": [
            {
              "permission": "root",
              "cmd": "sys/module/perfmgr/parameters/perfmgr_enable#1"
            },
            {
              "permission": "root",
              "cmd": "sys/module/perfmgr/parameters/fixed_target_fps#-1"
            },
            {
              "permission": "root",
              "cmd": "sys/devices/system/cpu/cpu0/cpufreq/walt/rtg_boost_freq#900000"
            },
            {
              "permission": "root",
              "cmd": "sys/devices/system/cpu/cpu0/cpufreq/walt/target_loads#-5 940800:-14 1440000:-20"
            },
            {
              "permission": "root",
              "cmd": "raf#"
            }
          ],
          "booster#120": [
            {
              "permission": "root",
              "cmd": "sys/module/perfmgr/parameters/perfmgr_enable#1"
            },
            {
              "permission": "root",
              "cmd": "sys/devices/system/cpu/cpu0/cpufreq/walt/rtg_boost_freq#900000"
            },
            {
              "permission": "root",
              "cmd": "sys/devices/system/cpu/cpu0/cpufreq/walt/target_loads#-5 940800:-14 1440000:-20"
            },
            {
              "permission": "root",
              "cmd": "raf#"
            }
          ],
          "booster#90": [
            {
              "permission": "root",
              "cmd": "sys/module/perfmgr/parameters/perfmgr_enable#1"
            },
            {
              "permission": "root",
              "cmd": "sys/devices/system/cpu/cpu0/cpufreq/walt/rtg_boost_freq#900000"
            },
            {
              "permission": "root",
              "cmd": "sys/devices/system/cpu/cpu0/cpufreq/walt/target_loads#-5 940800:-14 1440000:-20"
            },
            {
              "permission": "root",
              "cmd": "raf#"
            }
          ],
          "booster#60": [
            {
              "permission": "root",
              "cmd": "sys/module/perfmgr/parameters/perfmgr_enable#1"
            },
            {
              "permission": "root",
              "cmd": "sys/devices/system/cpu/cpu0/cpufreq/walt/rtg_boost_freq#900000"
            },
            {
              "permission": "root",
              "cmd": "sys/devices/system/cpu/cpu0/cpufreq/walt/target_loads#-5 940800:-14 1440000:-20"
            },
            {
              "permission": "root",
              "cmd": "raf#"
            }
          ],
          "booster#30": [
            {
              "permission": "root",
              "cmd": "sys/module/perfmgr/parameters/perfmgr_enable#1"
            },
            {
              "permission": "root",
              "cmd": "sys/devices/system/cpu/cpu0/cpufreq/walt/rtg_boost_freq#900000"
            },
            {
              "permission": "root",
              "cmd": "sys/devices/system/cpu/cpu0/cpufreq/walt/target_loads#-5 940800:-14 1440000:-20"
            },
            {
              "permission": "root",
              "cmd": "raf#"
            }
          ]
        }
      ]
    }
  }
}